{"104": {"episode_id": 105, "trajectory_id": 1202, "scene_id": "mp3d/S9hNv5qa7GM/S9hNv5qa7GM.glb", "start_position": [1.8211599588394165, 0.11627800017595291, 5.1969099044799805], "start_rotation": [0, -0.99840952741489, 0, -0.05637743845880185], "info": {"geodesic_distance": 4.73726224899292}, "goals": [{"position": [-1.4418599605560303, 0.11627800017595291, 3.3139901161193848], "radius": 2.0}], "instruction": {"instruction_text": "Leave the laundry room and go into the kitchen. Stop next to the counter once you are in the kitchen outside of the laundry room door. ", "instruction_tokens": [1355, 2389, 1343, 1994, 119, 1067, 1264, 2389, 1306, 15, 2278, 1576, 2438, 2389, 598, 1615, 2703, 149, 1237, 2389, 1306, 1665, 1605, 2389, 1343, 1994, 757, 15]}, "reference_path": [[1.0500600337982178, 0.11627800017595291, 5.4060797691345215], [-0.36148399114608765, 0.11627800017595291, 5.226439952850342], [-1.743589997291565, 0.11627800017595291, 5.120240211486816]], "continuous_waypoints": [[1.8211599588394165, 0.11627800017595291, 5.1969099044799805], [1.8211599588394165, 0.11627800017595291, 5.1969099044799805], [1.8211599588394165, 0.11627800017595291, 5.1969099044799805], [1.8211599588394165, 0.11627800017595291, 5.1969099044799805], [1.8211599588394165, 0.11627800017595291, 5.1969099044799805], [1.8211599588394165, 0.11627800017595291, 5.1969099044799805], [1.5739293098449707, 0.11627800017595291, 5.234018325805664], [1.5739293098449707, 0.11627800017595291, 5.234018325805664], [1.3447272777557373, 0.11627800017595291, 5.333850383758545], [1.3447272777557373, 0.11627800017595291, 5.333850383758545], [1.3447272777557373, 0.11627800017595291, 5.333850383758545], [1.0963164567947388, 0.11627800017595291, 5.30570650100708], [0.8479056358337402, 0.11627800017595291, 5.277562618255615], [0.5994948148727417, 0.11627800017595291, 5.24941873550415], [0.35108399391174316, 0.11627800017595291, 5.2212748527526855], [0.10267318785190582, 0.11627800017595291, 5.193130970001221], [-0.14573761820793152, 0.11627800017595291, 5.164987087249756], [-0.39414840936660767, 0.11627800017595291, 5.136843204498291], [-0.6425592303276062, 0.11627800017595291, 5.108699321746826], [-0.8909700512886047, 0.11627800017595291, 5.080555438995361], [-1.1393808126449585, 0.11627800017595291, 5.0524115562438965], [-1.1393808126449585, 0.11627800017595291, 5.0524115562438965], [-1.3866114616394043, 0.11627800017595291, 5.08951997756958], [-1.3866114616394043, 0.11627800017595291, 5.08951997756958], [-1.3866114616394043, 0.11627800017595291, 5.08951997756958], [-1.3866114616394043, 0.11627800017595291, 5.08951997756958], [-1.3866114616394043, 0.11627800017595291, 5.08951997756958], [-1.3866114616394043, 0.11627800017595291, 5.08951997756958], [-1.3866114616394043, 0.11627800017595291, 5.08951997756958], [-1.423719882965088, 0.11627800017595291, 4.842289447784424], [-1.4608283042907715, 0.11627800017595291, 4.595058917999268], [-1.497936725616455, 0.11627800017595291, 4.347828388214111], [-1.497936725616455, 0.11627800017595291, 4.347828388214111], [-1.597768783569336, 0.11627800017595291, 4.118626594543457], [-1.597768783569336, 0.11627800017595291, 4.118626594543457], [-1.597768783569336, 0.11627800017595291, 4.118626594543457], [-1.6046521663665771, 0.11627800017595291, 3.866323947906494], [-1.5770442485809326, 0.11627800017595291, 3.6178536415100098]]}, "103": {"episode_id": 104, "trajectory_id": 1202, "scene_id": "mp3d/S9hNv5qa7GM/S9hNv5qa7GM.glb", "start_position": [1.8211599588394165, 0.11627800017595291, 5.1969099044799805], "start_rotation": [0, -0.99840952741489, 0, -0.05637743845880185], "info": {"geodesic_distance": 4.73726224899292}, "goals": [{"position": [-1.4418599605560303, 0.11627800017595291, 3.3139901161193848], "radius": 2.0}], "instruction": {"instruction_text": "Walk down the hallway with the washer and dryer on your right, walk all the way to the end. Walk through the doorway that is to the left of the sink, Stop immediatly once reach the doorway on the left that leads into the room with the table. ", "instruction_tokens": [2584, 780, 2389, 1126, 2661, 2389, 2607, 119, 810, 1613, 2706, 1968, 2584, 104, 2389, 2616, 2438, 2389, 851, 15, 2584, 2418, 2389, 766, 2388, 1267, 2438, 2389, 1360, 1605, 2389, 2132, 2278, 1235, 1615, 1920, 2389, 766, 1613, 2389, 1360, 2388, 1350, 1264, 2389, 1994, 2661, 2389, 2342, 15]}, "reference_path": [[1.0500600337982178, 0.11627800017595291, 5.4060797691345215], [-0.36148399114608765, 0.11627800017595291, 5.226439952850342], [-1.743589997291565, 0.11627800017595291, 5.120240211486816]], "continuous_waypoints": [[1.8211599588394165, 0.11627800017595291, 5.1969099044799805], [1.8211599588394165, 0.11627800017595291, 5.1969099044799805], [1.8211599588394165, 0.11627800017595291, 5.1969099044799805], [1.8211599588394165, 0.11627800017595291, 5.1969099044799805], [1.8211599588394165, 0.11627800017595291, 5.1969099044799805], [1.8211599588394165, 0.11627800017595291, 5.1969099044799805], [1.5739293098449707, 0.11627800017595291, 5.234018325805664], [1.5739293098449707, 0.11627800017595291, 5.234018325805664], [1.3447272777557373, 0.11627800017595291, 5.333850383758545], [1.3447272777557373, 0.11627800017595291, 5.333850383758545], [1.3447272777557373, 0.11627800017595291, 5.333850383758545], [1.0963164567947388, 0.11627800017595291, 5.30570650100708], [0.8479056358337402, 0.11627800017595291, 5.277562618255615], [0.5994948148727417, 0.11627800017595291, 5.24941873550415], [0.35108399391174316, 0.11627800017595291, 5.2212748527526855], [0.10267318785190582, 0.11627800017595291, 5.193130970001221], [-0.14573761820793152, 0.11627800017595291, 5.164987087249756], [-0.39414840936660767, 0.11627800017595291, 5.136843204498291], [-0.6425592303276062, 0.11627800017595291, 5.108699321746826], [-0.8909700512886047, 0.11627800017595291, 5.080555438995361], [-1.1393808126449585, 0.11627800017595291, 5.0524115562438965], [-1.1393808126449585, 0.11627800017595291, 5.0524115562438965], [-1.3866114616394043, 0.11627800017595291, 5.08951997756958], [-1.3866114616394043, 0.11627800017595291, 5.08951997756958], [-1.3866114616394043, 0.11627800017595291, 5.08951997756958], [-1.3866114616394043, 0.11627800017595291, 5.08951997756958], [-1.3866114616394043, 0.11627800017595291, 5.08951997756958], [-1.3866114616394043, 0.11627800017595291, 5.08951997756958], [-1.3866114616394043, 0.11627800017595291, 5.08951997756958], [-1.423719882965088, 0.11627800017595291, 4.842289447784424], [-1.4608283042907715, 0.11627800017595291, 4.595058917999268], [-1.497936725616455, 0.11627800017595291, 4.347828388214111], [-1.497936725616455, 0.11627800017595291, 4.347828388214111], [-1.597768783569336, 0.11627800017595291, 4.118626594543457], [-1.597768783569336, 0.11627800017595291, 4.118626594543457], [-1.597768783569336, 0.11627800017595291, 4.118626594543457], [-1.6046521663665771, 0.11627800017595291, 3.866323947906494], [-1.5770442485809326, 0.11627800017595291, 3.6178536415100098]]}, "105": {"episode_id": 106, "trajectory_id": 1202, "scene_id": "mp3d/S9hNv5qa7GM/S9hNv5qa7GM.glb", "start_position": [1.8211599588394165, 0.11627800017595291, 5.1969099044799805], "start_rotation": [0, -0.99840952741489, 0, -0.05637743845880185], "info": {"geodesic_distance": 4.73726224899292}, "goals": [{"position": [-1.4418599605560303, 0.11627800017595291, 3.3139901161193848], "radius": 2.0}], "instruction": {"instruction_text": "Turn right and walk along the laundry room area. Exit the area through the doorway on the right. Wait there. ", "instruction_tokens": [2494, 1968, 119, 2584, 108, 2389, 1343, 1994, 150, 15, 888, 2389, 150, 2418, 2389, 766, 1613, 2389, 1968, 15, 2579, 2395, 15]}, "reference_path": [[1.0500600337982178, 0.11627800017595291, 5.4060797691345215], [-0.36148399114608765, 0.11627800017595291, 5.226439952850342], [-1.743589997291565, 0.11627800017595291, 5.120240211486816]],